feature_0,feature_1,feature_2,feature_3,feature_4,feature_5,feature_6,feature_7,feature_8,label
77.127,78.251,76.544,78.92,38.036,66.296,-778.154,-1.372,2.839,A
76.026,76.938,76.041,76.758,46.477,66.09,-812.29,-1.819,-2.096,A
77.352,77.544,78.379,76.814,33.711,68.058,-614.988,-1.12,4.818,A
79.512,76.848,77.826,75.156,31.837,67.988,-962.62,-1.162,-1.872,A
79.398,75.588,78.533,77.237,5.476,66.363,-985.033,-0.923,0.765,A
79.222,77.189,78.057,76.104,19.701,69.08,-883.472,-0.181,-0.189,A
78.022,77.154,76.51,78.73,34.367,68.778,-344.116,-0.358,1.035,A
79.555,76.531,77.776,75.329,23.28,67.795,-883.333,-0.785,1.781,A
77.273,76.727,78.227,77.353,26.021,67.685,-692.906,0.851,4.089,A
78.804,77.561,77.353,75.595,8.197,66.33,-472.361,-1.222,2.54,A
79.198,77.525,75.537,75.655,14.925,69.692,-181.773,0.878,1.675,A
77.965,75.761,78.972,78.342,9.835,69.749,-196.131,-1.795,2.752,A
77.008,77.597,75.598,78.947,14.973,68.588,-916.259,-1.958,-1.292,A
76.429,78.591,78.191,76.673,11.577,69.014,-478.18,0.072,4.111,A
76.546,77.779,76.021,75.469,40.194,66.471,-307.784,-1.246,2.331,A
78.76,76.591,78.358,75.43,25.471,67.093,-267.695,-1.859,5.77,A
77.185,75.353,78.553,77.737,38.228,69.016,-410.861,0.809,3.001,A
77.878,77.278,76.48,77.45,25.547,69.225,-78.932,0.327,-2.993,A
76.008,75.826,75.652,77.623,33.905,67.98,-395.63,0.696,3.959,A
78.657,77.688,75.794,76.117,7.925,66.789,-302.785,-1.808,-2.921,A
79.697,76.043,75.535,77.529,40.606,69.698,-212.256,-0.733,4.544,A
79.269,78.437,76.84,76.464,12.356,66.632,-754.929,-1.045,5.762,A
78.75,75.926,76.472,77.915,21.802,66.412,-34.255,0.789,0.886,A
77.285,75.365,76.358,76.103,42.909,69.887,-630.339,-0.951,5.621,A
76.972,78.14,77.329,76.546,47.017,67.593,-197.744,-0.204,0.536,A
77.239,77.092,76.327,76.681,14.326,69.05,-60.764,-0.081,-2.147,A
77.551,75.412,76.831,78.298,2.453,68.181,-581.764,-0.241,2.028,A
78.858,78.033,78.654,75.087,1.666,67.209,-846.789,-0.022,1.587,A
79.941,77.17,78.464,76.746,43.492,69.444,-693.193,-0.463,0.269,A
76.993,77.728,77.056,77.939,4.172,66.282,-89.542,-0.782,-0.758,A
79.269,77.329,77.259,76.912,30.15,66.842,-650.855,-0.441,3.174,A
79.831,77.074,76.837,77.859,40.489,68.003,-746.996,-0.079,-0.284,A
78.244,76.667,77.264,77.864,26.858,66.884,-744.463,0.799,-1.878,A
77.823,76.755,75.808,77.349,24.722,66.986,-540.654,-0.157,-0.607,A
76.377,77.314,77.547,77.151,19.427,68.549,-626.539,0.472,3.601,A
79.771,78.999,77.488,76.432,37.542,68.119,-178.384,0.537,0.579,A
77.305,76.997,75.832,75.556,37.936,67.243,-501.851,0.303,4.509,A
77.207,78.585,76.937,76.6,15.677,68.78,-627.693,-1.487,-2.838,A
77.013,78.863,78.244,76.384,33.047,69.096,-438.289,-1.121,1.302,A
77.688,78.01,76.928,75.844,8.625,69.764,-846.889,0.824,-2.671,A
76.634,76.356,78.193,76.824,5.593,69.914,-997.065,0.772,-0.06,A
78.931,78.532,78.354,78.404,25.296,69.423,-233.173,-0.993,4.228,A
76.94,76.527,76.552,76.82,35.98,67.262,-23.911,0.478,-1.127,A
76.326,78.844,76.752,76.309,32.738,68.022,-517.659,0.136,1.521,A
77.898,76.821,76.488,75.542,43.045,68.311,-295.882,-1.592,-0.965,A
76.876,78.356,77.4,78.187,42.019,68.067,-738.676,-1.734,4.233,A
76.025,77.391,78.847,75.562,25.773,68.815,-370.903,0.918,3.593,A
76.202,78.76,78.002,75.46,26.678,67.88,-606.705,-0.915,5.88,A
77.343,78.927,78.352,78.541,43.484,67.582,-9.756,0.891,5.01,A
77.121,77.482,78.848,75.066,26.443,67.336,-286.264,-0.694,-1.784,A
77.861,75.035,75.73,78.201,32.972,67.724,-729.592,0.428,-1.517,A
77.503,76.659,78.411,75.65,13.021,67.049,-611.586,0.584,4.628,A
79.988,75.84,76.973,76.416,25.531,68.714,-392.277,0.066,-2.824,A
76.562,77.324,75.897,77.502,27.646,68.59,-877.813,-1.812,1.423,A
77.601,75.052,76.904,75.356,11.801,69.974,-997.979,-0.053,-0.869,A
79.789,76.252,77.148,75.108,46.881,69.386,-949.851,0.163,4.074,A
78.47,78.221,78.908,75.425,47.926,66.19,-909.667,-1.415,-0.532,A
77.342,75.185,76.851,77.965,33.0,68.069,-590.483,-1.353,2.589,A
79.109,76.757,76.961,76.862,46.408,66.437,-993.611,-1.67,-0.248,A
76.737,76.78,77.653,76.923,32.026,67.21,-573.168,0.216,3.616,A
77.131,76.314,77.809,78.154,21.25,66.611,-156.988,0.274,-1.514,A
76.898,76.985,75.9,76.821,23.942,66.048,-623.929,-1.261,2.854,A
79.279,78.164,75.65,76.782,47.973,69.685,-195.154,0.193,0.206,A
77.475,76.345,77.977,75.193,41.948,69.098,-853.568,-0.241,-0.32,A
77.158,77.923,77.685,76.183,14.89,68.146,-725.648,-0.752,-2.327,A
77.325,76.012,78.416,77.699,17.161,67.964,-422.618,-0.234,0.82,A
77.492,76.132,76.12,78.436,7.83,69.957,-7.776,-1.353,-1.143,A
77.844,78.992,76.482,75.244,22.653,68.802,-358.857,-0.644,-2.514,A
76.722,75.23,75.696,78.859,33.971,67.947,-414.876,-1.84,-1.727,A
78.898,77.626,75.849,75.78,9.143,67.736,-132.628,-1.455,-1.791,A
77.4,76.865,75.901,78.774,9.758,66.132,-59.957,0.596,-1.75,A
78.426,78.072,78.28,78.221,35.254,67.219,-93.142,-1.057,1.505,A
78.343,75.263,78.734,76.563,2.893,69.476,-810.828,0.296,-2.078,A
77.159,78.438,78.965,77.763,22.457,69.587,-980.903,0.011,4.842,A
76.322,76.893,75.722,76.648,46.83,67.387,-10.855,-0.222,-0.874,A
76.464,77.781,75.742,75.362,46.035,66.883,-726.799,-0.142,5.897,A
76.717,76.095,76.872,76.307,15.897,66.262,-421.16,-1.671,4.214,A
78.278,77.722,78.082,77.251,26.613,67.551,-835.492,0.549,1.501,A
79.593,78.553,75.346,78.901,34.77,66.383,-699.282,0.142,-2.767,A
76.129,76.072,75.659,78.638,43.405,66.761,-567.844,0.639,-2.662,A
79.043,76.985,78.118,75.27,27.42,69.515,-447.14,-1.736,4.813,A
78.589,76.393,78.459,78.335,29.086,69.829,-24.815,-0.365,5.777,A
79.752,76.49,76.726,78.325,14.601,66.437,-231.664,0.384,0.665,A
76.093,75.578,76.841,75.592,26.02,66.222,-155.102,-0.58,-0.021,A
78.907,77.786,77.603,77.113,19.178,67.953,-653.097,-0.572,1.142,A
76.425,75.385,77.919,77.627,2.107,69.696,-122.244,0.267,3.708,A
77.58,76.232,77.461,76.994,21.155,67.212,-766.629,-0.268,1.806,A
79.551,76.902,77.29,77.213,33.805,69.736,-135.459,0.209,4.666,A
78.006,77.977,75.173,77.873,19.156,67.712,-963.778,0.539,-0.463,A
78.162,78.282,77.578,76.144,32.636,68.974,-866.83,0.029,-0.666,A
78.262,76.384,77.835,77.189,17.521,67.881,-862.803,0.812,3.609,A
79.89,77.407,77.755,76.23,6.001,66.146,-104.949,-1.253,3.156,A
76.956,78.318,76.92,78.428,7.91,68.212,-462.311,-1.13,-1.765,A
78.783,77.951,78.571,77.947,29.814,68.029,-485.068,-0.719,-2.815,A
79.831,76.778,77.489,76.633,36.987,67.417,-586.857,0.621,1.416,A
78.283,75.692,78.801,76.073,40.221,66.978,-848.433,-1.4,2.186,A
76.552,76.847,78.22,77.917,38.701,68.25,-287.212,0.046,5.028,A
78.181,77.126,76.018,75.532,3.61,68.802,-694.404,-0.985,-0.678,A
76.816,75.52,78.776,78.646,37.98,67.088,-644.887,-1.306,5.407,A
76.662,78.899,76.144,75.964,30.617,67.309,-896.283,-0.641,-1.435,A
62.71,63.116,61.132,65.655,57.426,68.119,-924.019,-1.468,1.658,B
63.723,64.437,63.189,65.641,12.54,68.134,-397.701,-1.456,-0.223,B
64.727,66.505,64.702,66.974,48.013,68.3,-615.444,0.331,5.346,B
63.901,66.315,61.614,65.86,5.374,71.736,-957.266,-1.408,2.552,B
63.017,64.738,63.573,63.012,6.641,71.268,-757.279,0.849,3.678,B
62.265,63.059,63.931,65.556,62.915,69.243,-839.113,-0.351,-0.889,B
65.195,63.349,64.968,66.129,61.094,72.461,-79.224,0.052,-0.72,B
65.71,66.817,63.752,64.499,52.383,69.07,-609.707,-1.566,-0.517,B
65.878,64.408,61.149,63.902,53.513,72.752,-547.921,-0.761,3.48,B
64.258,66.873,63.275,63.446,13.278,69.202,-934.725,-1.714,-1.662,B
65.653,63.182,64.091,64.915,5.894,69.101,-118.938,0.961,2.434,B
64.95,66.734,64.594,64.424,1.653,71.639,-335.278,0.121,-0.481,B
65.487,64.595,64.726,63.413,8.978,72.398,-439.085,-0.921,3.807,B
64.864,63.262,64.664,63.857,37.304,72.166,-490.987,-1.438,-1.595,B
63.63,63.966,63.619,65.354,53.481,68.341,-626.646,0.813,5.075,B
65.219,63.607,62.921,63.636,54.795,72.204,-26.852,-1.16,4.162,B
65.059,66.861,63.557,64.795,53.667,71.186,-246.322,0.602,2.518,B
64.467,65.101,62.502,66.169,61.502,70.813,-576.606,-0.618,2.646,B
63.396,65.977,61.4,65.481,19.249,71.862,-43.117,-1.108,-0.562,B
64.171,64.655,64.154,63.561,34.174,68.716,-741.917,-1.41,5.564,B
64.544,66.475,61.425,66.106,66.632,70.42,-43.682,0.437,0.3,B
63.49,64.336,63.892,63.966,70.002,72.401,-71.619,-1.393,-0.385,B
65.218,64.941,63.634,63.507,81.978,70.093,-253.666,-1.197,-0.919,B
65.283,65.879,64.109,66.399,9.782,72.166,-667.077,0.072,4.89,B
63.673,64.246,62.011,66.818,52.283,70.264,-506.746,0.238,0.931,B
65.699,65.721,63.307,63.041,60.04,68.39,-604.644,-1.741,3.217,B
64.317,63.934,63.878,66.94,67.511,72.362,-574.369,-0.42,-1.172,B
65.428,64.548,63.612,66.525,47.666,71.796,-364.393,-0.973,-0.142,B
64.71,64.095,62.033,65.801,85.233,71.457,-684.701,-0.112,-1.118,B
62.756,63.573,61.557,66.779,72.721,71.586,-807.761,0.773,2.723,B
62.499,63.402,61.579,63.104,33.183,69.607,-268.958,-0.81,5.067,B
65.252,64.44,61.167,65.594,22.537,70.108,-403.861,-0.187,4.125,B
63.055,66.32,63.362,66.276,49.112,69.015,-276.963,0.73,5.708,B
62.863,66.892,63.235,65.033,27.559,72.868,-318.825,0.303,3.179,B
63.776,66.463,64.93,63.839,72.026,72.541,-169.273,-0.718,5.712,B
65.824,63.419,62.092,65.09,84.893,68.668,-122.392,-0.935,1.162,B
63.379,66.406,61.31,64.52,82.924,72.113,-139.329,-1.118,0.091,B
64.646,63.086,61.508,65.299,20.549,71.993,-476.457,-1.508,-0.675,B
65.705,63.957,64.233,64.461,24.13,71.545,-489.181,-1.621,-1.869,B
64.58,65.857,64.093,63.488,75.232,71.056,-300.423,-1.487,3.576,B
64.557,64.624,63.821,66.554,72.101,69.879,-695.528,-0.63,-1.685,B
62.232,65.359,64.997,63.673,18.504,72.684,-991.192,-1.277,0.736,B
63.254,63.839,63.38,66.259,8.322,68.418,-234.852,-0.084,1.596,B
62.68,66.877,63.082,66.345,33.024,68.524,-709.633,-0.902,1.769,B
64.243,66.238,61.59,66.215,85.288,68.539,-188.716,-1.349,0.192,B
62.493,64.575,62.73,65.45,84.548,68.201,-275.146,-0.427,-1.719,B
63.283,63.945,62.891,66.467,27.453,69.362,-871.223,0.436,0.611,B
63.97,67.0,64.779,65.21,25.026,69.866,-756.154,-1.86,-0.661,B
65.228,65.7,61.569,65.91,52.764,72.014,-618.228,-0.869,5.967,B
62.242,64.11,64.558,64.003,86.137,69.815,-912.359,-0.816,-0.287,B
64.732,65.041,64.912,66.989,79.767,69.758,-999.387,-1.764,-0.149,B
64.683,66.409,62.866,65.068,88.192,72.516,-588.576,0.075,0.771,B
62.998,66.173,64.063,65.088,62.745,70.004,-448.314,-1.315,2.794,B
65.576,64.842,63.846,64.61,77.902,69.184,-503.286,-0.158,-0.349,B
65.189,64.001,61.275,65.879,53.34,68.961,-778.329,-0.836,1.054,B
62.801,63.767,64.131,65.723,65.742,68.387,-423.717,-1.338,0.583,B
63.629,66.728,63.486,65.455,78.735,71.092,-600.616,0.417,-0.138,B
63.178,66.425,61.32,66.489,55.845,72.956,-777.154,-1.212,5.76,B
62.956,66.545,61.281,64.548,19.298,70.035,-53.837,0.752,3.359,B
63.843,63.088,61.425,64.097,39.742,68.603,-507.079,0.44,2.411,B
64.102,65.564,61.411,65.815,47.84,70.701,-872.817,-1.265,0.482,B
65.71,64.291,62.881,66.228,23.948,70.214,-399.262,0.345,-0.788,B
64.35,65.855,63.119,64.412,62.15,70.015,-597.917,-1.524,-0.543,B
65.584,66.793,61.646,63.173,33.844,68.249,-443.174,-1.694,3.827,B
65.433,65.357,61.946,65.099,54.037,72.874,-203.083,0.307,-1.979,B
62.742,66.483,64.802,64.162,55.946,68.898,-144.728,-0.069,0.128,B
64.855,63.167,62.632,65.245,39.686,69.499,-993.106,-1.754,-1.549,B
62.249,66.423,61.598,65.658,15.39,69.041,-72.476,0.912,3.958,B
64.789,66.947,62.005,65.447,4.271,69.818,-492.254,-0.663,-0.069,B
65.441,63.207,63.379,65.364,0.07,69.216,-785.054,0.841,1.734,B
62.177,66.81,63.996,63.154,44.229,71.437,-292.029,0.069,2.226,B
62.063,64.189,62.869,66.217,32.085,72.695,-600.653,-1.069,0.908,B
62.983,63.586,61.93,64.229,69.477,72.634,-535.184,-0.812,-1.565,B
64.474,65.35,62.058,65.438,71.019,71.965,-45.545,-1.743,0.84,B
64.55,66.866,62.904,66.675,27.739,70.728,-510.665,-0.75,4.117,B
64.901,64.463,63.006,63.061,88.783,70.155,-909.269,0.929,2.504,B
64.861,65.017,61.418,63.109,82.106,69.225,-313.528,-0.883,3.464,B
65.328,66.048,62.816,63.369,58.803,70.156,-137.592,-1.151,2.055,B
62.206,66.63,62.743,63.064,18.88,68.539,-132.004,-0.27,2.129,B
64.67,63.219,64.271,66.475,86.999,71.511,-135.547,-0.544,4.227,B
65.878,63.469,63.601,63.598,66.171,69.367,-328.634,-0.245,-0.887,B
65.591,64.916,64.994,64.336,46.914,69.73,-106.219,-0.291,2.341,B
63.745,65.037,63.853,64.118,37.828,71.243,-923.401,-0.589,0.616,B
65.984,65.46,63.927,65.764,56.96,69.218,-441.531,-1.152,4.486,B
63.102,65.749,63.515,63.392,63.911,72.264,-726.272,0.511,0.477,B
63.418,65.704,62.702,64.376,2.922,68.246,-535.497,-0.675,2.056,B
65.65,66.415,64.702,66.887,84.143,70.73,-490.547,-1.732,4.671,B
65.438,66.944,62.191,63.408,82.408,68.032,-10.933,-1.707,-1.62,B
64.687,65.715,63.862,63.941,20.518,71.402,-21.582,-0.266,-1.601,B
63.862,63.233,62.045,64.854,12.434,71.001,-72.227,-0.599,3.439,B
64.466,65.666,61.822,66.939,27.921,70.314,-934.817,-0.454,-0.385,B
65.437,65.186,61.994,65.04,54.785,70.249,-865.269,0.013,5.688,B
65.734,64.038,61.58,63.267,71.67,69.844,-370.352,-1.211,4.44,B
62.479,64.046,64.316,64.592,40.977,69.492,-997.384,-0.554,5.361,B
65.609,63.672,61.178,63.786,65.158,68.118,-861.855,-1.361,5.33,B
62.273,64.535,62.927,66.198,69.572,69.478,-97.67,-1.634,5.214,B
65.744,66.68,61.979,63.835,29.666,71.437,-541.515,-0.985,1.846,B
65.97,65.681,63.311,66.4,34.5,71.333,-12.525,-0.514,-1.105,B
63.295,66.263,62.521,63.508,53.649,70.845,-402.702,-1.265,1.485,B
63.705,64.342,64.789,66.473,22.333,69.419,-899.171,-1.687,1.427,B
68.758,66.915,69.186,68.3,90.0,66.615,-97.7,-438.666,2.877,C
68.4,69.453,66.613,67.46,90.0,68.975,-705.577,-335.311,-3.213,C
67.718,67.858,67.523,68.834,90.0,69.514,-159.673,-752.143,-2.619,C
67.647,69.885,68.508,67.124,90.0,67.537,-814.971,-763.769,2.836,C
67.201,66.308,67.061,67.467,90.0,69.59,-285.709,-308.001,2.528,C
69.813,69.334,67.616,69.055,90.0,68.08,-362.272,-73.948,-1.466,C
66.19,69.798,68.211,67.654,90.0,67.475,-848.025,-758.637,2.027,C
68.493,66.629,67.414,67.535,90.0,69.154,-576.043,-739.584,4.697,C
66.718,69.877,68.465,66.137,90.0,69.559,-765.281,-325.312,-1.987,C
66.723,68.205,69.146,69.741,90.0,67.036,-760.47,-533.585,3.643,C
66.203,66.569,67.984,69.371,90.0,68.539,-65.049,-907.93,2.165,C
69.546,68.53,69.836,68.642,90.0,68.026,-629.087,-465.27,-3.089,C
67.148,66.511,67.12,66.858,90.0,66.014,-991.937,-124.377,-2.463,C
68.207,69.891,68.746,68.215,90.0,67.941,-431.206,-783.757,2.706,C
66.298,69.271,67.925,67.357,90.0,68.457,-393.763,-816.591,-2.933,C
68.218,68.949,67.377,66.794,90.0,68.986,-455.604,-775.138,-1.639,C
66.889,69.139,69.783,66.496,90.0,68.679,-479.094,-141.51,4.568,C
66.242,66.171,69.595,67.662,90.0,68.665,-188.82,-735.979,2.984,C
66.006,67.983,66.497,67.672,90.0,67.446,-849.835,-826.776,1.178,C
67.675,68.271,66.197,66.418,90.0,66.28,-949.423,-289.029,-3.978,C
69.404,66.221,69.034,69.13,90.0,67.913,-664.194,-368.499,-0.732,C
67.65,66.729,67.71,69.136,90.0,69.861,-374.125,-182.431,4.796,C
68.729,66.027,67.352,66.522,90.0,66.635,-948.383,-301.298,3.798,C
66.514,66.01,69.246,66.509,90.0,66.012,-147.862,-240.84,-3.103,C
68.141,69.888,67.584,68.417,90.0,66.091,-22.949,-206.865,4.348,C
69.562,67.904,69.025,69.384,90.0,67.551,-554.653,-787.271,-3.592,C
69.027,66.253,67.949,67.923,90.0,69.106,-567.892,-395.274,-3.994,C
69.504,67.639,67.093,67.106,90.0,66.041,-782.674,-514.102,-2.512,C
68.663,69.713,67.073,66.943,90.0,68.161,-946.193,-156.379,1.636,C
68.144,68.304,68.381,68.808,90.0,69.37,-305.342,-874.877,-1.881,C
69.159,67.022,67.06,68.313,90.0,67.295,-646.718,-489.62,0.054,C
69.127,66.295,67.431,68.427,90.0,66.818,-376.407,-121.065,-0.325,C
66.198,66.013,67.533,69.421,90.0,66.48,-616.202,-622.628,-2.069,C
69.824,66.677,66.044,68.73,90.0,68.994,-653.255,-100.494,3.818,C
68.571,66.132,66.762,67.956,90.0,67.391,-423.287,-46.484,4.336,C
68.554,68.796,67.264,67.792,90.0,66.927,-99.474,-799.995,-3.054,C
66.724,66.729,68.978,67.458,90.0,68.487,-799.312,-959.77,-3.658,C
66.321,67.807,68.202,66.802,90.0,66.579,-655.633,-694.213,-2.391,C
66.728,66.287,68.993,69.343,90.0,67.037,-745.712,-712.396,-1.444,C
67.078,66.374,69.489,69.837,90.0,68.755,-914.989,-468.195,1.823,C
69.914,67.263,67.708,69.221,90.0,68.941,-282.952,-872.462,2.689,C
69.206,68.517,69.115,68.635,90.0,69.148,-753.385,-238.858,2.096,C
66.836,67.25,68.24,68.676,90.0,67.452,-350.228,-35.533,2.652,C
66.556,68.246,69.708,66.557,90.0,67.913,-671.492,-923.871,-3.287,C
69.741,67.679,66.964,66.096,90.0,68.84,-633.224,-950.565,-3.533,C
67.897,69.406,67.773,69.33,90.0,66.907,-561.996,-601.022,3.639,C
66.198,66.072,69.792,66.801,90.0,68.372,-201.822,-57.552,-0.618,C
66.449,67.526,69.893,66.118,90.0,67.1,-999.574,-664.18,3.233,C
69.79,66.064,66.582,67.6,90.0,68.756,-513.892,-818.194,0.025,C
69.904,66.292,68.607,66.102,90.0,69.907,-202.705,-337.535,-0.431,C
69.84,66.691,66.921,66.942,90.0,69.129,-404.032,-256.853,1.735,C
67.196,69.264,67.464,69.671,90.0,68.953,-690.94,-964.62,0.529,C
66.458,69.304,68.616,67.143,90.0,69.25,-250.282,-589.127,4.887,C
66.005,68.336,66.502,69.612,90.0,68.107,-166.643,-506.931,-2.347,C
66.213,69.185,66.53,67.778,90.0,66.144,-75.076,-339.822,-0.916,C
67.432,69.262,67.283,66.313,90.0,67.58,-714.45,-291.417,1.547,C
67.342,69.015,69.513,67.573,90.0,69.217,-736.779,-631.883,4.157,C
67.59,67.804,69.021,67.207,90.0,66.711,-781.31,-664.703,0.552,C
67.068,67.379,66.773,68.84,90.0,69.668,-534.206,-773.059,-2.029,C
67.69,66.404,68.799,68.372,90.0,68.754,-558.05,-257.138,-0.864,C
68.86,67.129,66.252,66.558,90.0,66.678,-835.387,-572.354,1.686,C
67.731,68.055,68.639,67.258,90.0,69.932,-975.4,-873.954,3.736,C
67.021,66.945,68.655,68.942,90.0,68.449,-548.208,-177.718,1.277,C
69.506,66.702,67.058,69.883,90.0,69.911,-777.045,-20.896,4.929,C
66.164,67.183,68.725,68.677,90.0,69.503,-760.397,-305.768,-0.019,C
69.009,68.275,66.66,66.107,90.0,69.781,-187.406,-329.84,4.488,C
68.814,69.458,66.015,68.348,90.0,67.545,-649.672,-713.009,0.378,C
68.183,67.202,66.215,66.033,90.0,67.69,-713.21,-870.599,1.14,C
67.181,67.668,67.827,67.548,90.0,69.437,-676.919,-539.76,-0.592,C
66.413,69.889,69.118,67.69,90.0,66.796,-183.309,-132.566,3.185,C
68.434,68.784,68.927,68.885,90.0,66.153,-77.019,-230.585,-1.616,C
67.456,67.381,67.221,66.037,90.0,69.468,-134.454,-136.13,2.333,C
69.915,68.709,66.556,68.734,90.0,69.856,-459.244,-936.062,4.306,C
67.216,68.127,67.08,67.295,90.0,67.268,-133.578,-586.734,-1.365,C
67.196,69.343,66.025,67.023,90.0,67.904,-633.392,-744.107,4.909,C
68.553,67.017,69.794,69.575,90.0,67.094,-147.972,-958.782,-2.063,C
67.444,68.891,68.378,69.445,90.0,68.382,-434.02,-469.627,1.957,C
68.467,66.774,66.73,67.093,90.0,69.213,-666.34,-733.761,2.596,C
66.696,67.246,69.709,66.637,90.0,68.927,-101.537,-873.237,-3.193,C
68.636,69.202,67.102,69.837,90.0,66.147,-920.903,-375.674,0.479,C
67.561,67.157,67.37,68.367,90.0,66.147,-741.548,-170.38,1.521,C
66.532,69.795,68.419,67.968,90.0,67.027,-626.202,-8.984,-1.144,C
68.263,66.248,69.368,68.473,90.0,69.454,-660.283,-30.656,-1.239,C
68.63,66.816,66.394,69.191,90.0,69.478,-241.092,-370.453,4.129,C
67.675,68.513,69.172,69.648,90.0,68.388,-823.509,-337.15,-2.476,C
66.675,67.252,68.994,66.626,90.0,66.656,-63.235,-317.352,-3.825,C
67.845,67.77,68.708,67.132,90.0,69.14,-610.103,-181.915,-1.626,C
68.658,68.175,66.034,67.602,90.0,69.793,-708.994,-459.441,-2.594,C
66.385,68.37,68.007,66.677,90.0,67.604,-391.976,-787.077,-0.466,C
67.624,69.822,69.002,67.579,90.0,66.428,-838.114,-565.39,-2.895,C
67.67,68.318,68.792,66.294,90.0,68.882,-608.919,-31.52,-0.335,C
68.149,69.106,66.304,68.73,90.0,69.489,-85.415,-949.393,4.685,C
67.833,67.473,66.491,67.37,90.0,66.181,-763.361,-386.287,2.637,C
68.729,68.029,66.708,69.911,90.0,69.596,-136.359,-938.046,-3.22,C
67.857,68.236,67.31,66.572,90.0,68.453,-770.633,-516.522,-3.033,C
68.797,68.465,69.335,68.957,90.0,68.394,-731.247,-409.459,3.257,C
69.44,66.409,68.606,69.51,90.0,69.899,-404.746,-136.909,0.943,C
69.758,69.32,68.825,67.263,90.0,66.027,-952.057,-586.646,-2.1,C
67.843,69.793,66.168,68.127,90.0,69.225,-108.383,-61.006,-1.434,C
67.852,67.604,67.864,66.539,90.0,69.074,-416.533,-538.246,1.612,C
74.009,75.272,74.23,63.254,90.0,71.079,-700.531,-0.605,-0.014,D
73.476,73.122,75.084,64.463,90.0,69.769,-600.864,-1.542,2.949,D
75.236,74.465,75.271,65.763,90.0,70.439,-501.203,0.44,-2.312,D
74.026,73.285,75.166,65.329,90.0,70.362,-878.756,0.641,0.457,D
74.546,73.739,74.017,63.873,90.0,72.532,-698.275,-1.454,4.983,D
75.058,74.974,75.078,65.177,90.0,72.983,-609.299,-0.611,3.569,D
75.761,75.742,75.47,63.531,90.0,70.32,-406.396,-1.626,3.683,D
74.57,73.626,72.388,64.404,90.0,70.104,-296.958,0.512,2.562,D
74.963,75.188,73.533,64.453,90.0,69.195,-897.568,0.864,-2.692,D
73.377,74.888,72.652,63.152,90.0,71.485,-467.236,0.92,-4.992,D
73.318,75.934,74.807,64.557,90.0,72.558,-53.935,0.113,-1.59,D
75.202,74.547,75.97,65.73,90.0,72.19,-609.297,-0.782,4.94,D
73.555,74.054,73.233,63.199,90.0,72.458,-649.307,-0.994,-0.19,D
73.122,73.404,72.693,64.601,90.0,71.865,-894.349,-0.489,-2.105,D
74.746,74.925,72.78,65.054,90.0,72.103,-816.106,0.849,4.113,D
73.461,75.931,73.358,65.288,90.0,71.908,-339.797,0.842,1.975,D
74.411,75.616,73.574,63.06,90.0,71.48,-179.863,-0.125,-1.696,D
73.771,73.738,73.477,65.73,90.0,71.604,-373.375,-1.019,-3.504,D
73.206,75.01,72.918,64.094,90.0,71.529,-21.242,-1.014,-1.89,D
74.217,74.453,72.789,64.594,90.0,71.629,-757.424,0.82,1.17,D
73.807,73.985,73.239,64.659,90.0,69.605,-886.081,-1.688,0.772,D
75.807,75.667,72.606,63.658,90.0,70.146,-473.115,0.528,0.401,D
74.549,73.677,75.027,63.864,90.0,70.562,-897.804,-1.856,-0.54,D
75.89,74.715,72.712,65.454,90.0,71.808,-399.285,-0.162,1.727,D
75.409,73.096,73.118,64.984,90.0,72.031,-211.813,-0.075,1.2,D
75.839,73.624,72.546,64.529,90.0,69.778,-782.714,-1.422,-1.81,D
73.203,74.294,75.65,64.62,90.0,72.06,-159.122,-1.927,4.564,D
75.416,74.007,72.262,65.64,90.0,72.701,-724.757,0.337,1.835,D
73.153,73.141,72.119,63.323,90.0,72.963,-594.193,0.287,-2.164,D
75.961,74.106,73.127,65.38,90.0,71.348,-392.547,0.433,3.615,D
73.799,75.001,73.144,65.466,90.0,69.442,-888.881,-0.647,-3.367,D
75.017,75.746,73.434,64.534,90.0,72.485,-769.409,-1.896,-2.637,D
74.217,73.297,74.191,63.035,90.0,69.646,-180.392,-0.456,-4.416,D
75.277,75.033,72.699,65.199,90.0,70.704,-209.312,0.713,0.433,D
73.319,73.723,73.315,63.84,90.0,71.053,-617.632,0.939,2.24,D
74.926,74.263,72.95,64.381,90.0,71.351,-577.523,0.232,4.351,D
74.079,73.258,72.936,63.682,90.0,70.668,-937.534,-0.541,-4.506,D
75.804,74.811,73.503,63.172,90.0,70.099,-13.327,-0.216,0.95,D
74.385,73.419,72.553,65.155,90.0,70.286,-796.249,-1.307,0.745,D
74.762,73.484,75.637,64.858,90.0,70.949,-833.888,-0.689,-2.654,D
73.409,74.292,74.514,64.055,90.0,69.595,-354.484,-0.0,4.931,D
74.033,73.431,74.483,63.84,90.0,70.049,-937.062,-1.242,3.14,D
75.757,75.226,72.901,63.875,90.0,70.919,-242.12,-0.372,-4.022,D
73.053,73.869,74.106,65.63,90.0,72.449,-309.365,-0.062,4.711,D
74.103,73.996,75.122,63.116,90.0,70.36,-473.235,-0.755,-0.446,D
74.591,74.163,74.879,63.142,90.0,69.658,-84.567,-0.881,1.122,D
75.332,74.412,72.992,64.513,90.0,71.745,-379.807,-0.57,2.371,D
74.96,73.458,74.841,65.1,90.0,70.714,-227.573,-0.065,1.845,D
74.855,74.528,74.74,64.562,90.0,71.468,-86.288,0.752,3.199,D
73.284,73.151,75.755,65.725,90.0,70.635,-841.247,0.045,0.524,D
73.547,73.655,73.055,63.374,90.0,70.505,-753.24,-0.353,-4.523,D
75.0,75.893,72.724,63.494,90.0,69.49,-404.383,0.989,0.288,D
73.502,75.54,75.805,63.767,90.0,69.218,-322.846,0.953,-0.854,D
75.72,75.301,75.976,63.262,90.0,70.154,-885.098,-0.184,3.92,D
74.894,73.598,75.88,64.978,90.0,69.124,-796.804,-1.728,0.381,D
74.802,73.49,75.767,63.508,90.0,72.395,-213.749,0.508,-2.3,D
75.279,73.678,74.609,65.554,90.0,72.506,-738.576,0.676,4.427,D
75.388,74.213,74.892,63.881,90.0,69.878,-751.317,-1.699,-3.542,D
75.842,75.098,73.147,64.415,90.0,70.36,-337.966,-1.057,-3.575,D
73.277,75.898,73.504,65.536,90.0,71.023,-125.836,0.666,3.221,D
75.276,73.152,72.121,63.74,90.0,69.456,-469.384,-1.429,-0.892,D
74.773,74.73,72.007,63.061,90.0,72.552,-23.366,-0.471,2.953,D
74.37,75.324,75.333,64.228,90.0,70.398,-387.213,-1.913,-1.02,D
75.54,73.251,72.704,65.226,90.0,71.707,-719.373,-0.473,1.712,D
75.636,75.767,73.597,65.686,90.0,71.188,-492.45,-1.733,2.889,D
75.787,75.198,75.286,64.756,90.0,70.54,-924.647,-1.643,2.011,D
75.68,75.942,73.652,65.153,90.0,69.15,-422.726,-0.761,-1.176,D
75.8,73.975,74.746,64.114,90.0,69.624,-874.869,-1.874,3.534,D
75.694,73.354,72.477,63.404,90.0,70.475,-885.586,-1.262,3.283,D
75.617,75.625,72.241,63.31,90.0,70.68,-826.264,0.256,-1.537,D
74.697,73.5,73.5,65.512,90.0,71.123,-324.452,0.418,1.283,D
74.295,74.082,73.561,63.836,90.0,69.121,-116.756,0.938,-0.267,D
74.513,73.718,73.609,64.885,90.0,70.036,-654.059,0.923,-0.1,D
75.871,73.878,75.065,65.363,90.0,69.46,-270.837,0.055,-1.764,D
74.073,75.784,74.736,65.723,90.0,70.373,-238.249,-1.418,4.933,D
74.111,74.106,75.068,65.245,90.0,71.542,-532.67,0.932,-4.668,D
74.329,73.346,75.923,63.88,90.0,69.978,-741.024,-0.045,2.501,D
73.909,74.688,72.237,63.754,90.0,72.7,-931.216,-0.63,-1.362,D
74.89,73.071,74.394,64.972,90.0,70.363,-358.087,0.402,-2.362,D
73.141,73.909,73.243,63.587,90.0,70.651,-446.855,-0.673,1.521,D
73.71,74.778,74.581,64.081,90.0,70.637,-608.158,0.158,3.797,D
75.726,75.138,73.663,63.65,90.0,69.797,-817.71,-0.1,0.05,D
74.97,74.402,73.181,64.984,90.0,71.014,-625.761,-0.503,-3.886,D
73.596,74.749,72.499,63.165,90.0,69.175,-55.953,0.764,-2.653,D
74.413,74.709,74.191,64.014,90.0,69.907,-850.848,0.005,4.2,D
73.514,74.004,73.982,64.529,90.0,72.585,-905.896,-0.695,0.745,D
75.8,74.39,73.965,65.276,90.0,70.9,-330.972,0.262,3.814,D
73.03,73.553,73.698,64.489,90.0,72.863,-947.664,-0.659,-4.261,D
74.667,73.588,73.838,63.557,90.0,69.94,-14.65,-0.701,2.67,D
75.376,74.893,73.382,63.552,90.0,70.641,-281.203,-1.278,1.701,D
74.789,73.328,74.581,63.728,90.0,70.36,-536.641,-1.821,-1.255,D
73.175,75.285,75.299,64.947,90.0,69.032,-640.686,0.432,3.448,D
74.659,75.39,73.023,63.612,90.0,71.755,-774.021,0.04,2.933,D
74.84,75.78,72.807,63.513,90.0,69.775,-20.897,-0.799,-4.187,D
75.772,75.676,72.42,65.917,90.0,70.781,-472.706,-0.544,0.688,D
73.633,75.267,74.372,63.447,90.0,71.835,-803.618,0.192,4.403,D
75.0,74.246,73.196,64.993,90.0,71.4,-388.972,-0.977,-2.562,D
73.218,75.905,73.403,64.246,90.0,72.532,-786.635,-0.324,2.464,D
73.718,75.584,75.283,63.484,90.0,69.37,-282.206,-0.126,-1.101,D
74.863,73.837,75.859,65.537,90.0,70.43,-117.545,-0.07,-2.953,D
75.544,77.677,76.306,73.423,90.0,72.269,-125.163,-1.703,2.23,E
73.186,76.521,77.206,75.492,90.0,70.448,-655.807,-0.983,4.509,E
73.108,74.663,73.397,76.706,90.0,70.794,-532.619,-0.577,5.918,E
76.793,76.259,73.892,75.494,90.0,73.573,-675.542,-0.728,0.779,E
77.51,77.817,73.525,76.357,90.0,71.795,-635.186,0.623,3.801,E
75.528,76.262,73.363,75.268,90.0,71.072,-270.926,-0.002,3.91,E
74.273,77.458,76.018,74.588,90.0,71.993,-734.901,-1.039,3.551,E
73.922,77.511,75.055,75.405,90.0,71.419,-718.971,-0.272,4.194,E
73.58,74.238,75.556,77.113,90.0,72.827,-916.745,-0.235,0.192,E
74.457,76.63,75.465,75.631,90.0,73.691,-589.86,-0.13,0.064,E
77.229,73.621,76.663,76.621,90.0,70.835,-308.758,-0.1,3.209,E
75.506,74.555,74.815,76.459,90.0,71.37,-508.949,-0.904,0.216,E
76.406,74.008,74.013,73.751,90.0,70.355,-826.349,-0.374,1.807,E
73.227,74.752,75.777,73.582,90.0,70.917,-728.97,0.767,2.152,E
73.598,77.911,77.496,73.275,90.0,70.243,-380.945,0.863,0.151,E
76.783,77.951,73.997,75.518,90.0,70.533,-367.476,0.935,-0.156,E
77.405,77.161,76.004,73.205,90.0,70.425,-569.518,-1.05,-0.096,E
74.482,74.097,76.317,74.167,90.0,70.808,-549.356,-0.53,0.927,E
75.321,76.443,77.133,74.905,90.0,70.298,-364.116,-0.2,-0.818,E
74.047,75.285,77.65,77.245,90.0,72.605,-990.87,-0.28,0.826,E
75.251,74.238,73.034,77.662,90.0,71.629,-735.963,0.71,4.275,E
73.109,76.334,75.37,77.462,90.0,70.714,-397.899,0.872,-0.625,E
76.261,75.101,77.368,77.637,90.0,73.525,-539.445,-0.57,4.425,E
77.574,75.686,75.07,77.762,90.0,70.5,-465.097,-1.122,-0.758,E
73.11,74.466,75.814,75.778,90.0,71.729,-174.086,-0.285,0.682,E
76.428,73.667,74.121,74.664,90.0,70.049,-944.71,0.93,2.899,E
73.433,73.385,75.719,74.135,90.0,71.121,-971.82,-0.797,5.052,E
74.401,73.35,77.696,73.163,90.0,72.277,-502.523,-1.643,5.484,E
76.763,76.596,76.129,74.475,90.0,71.883,-461.402,-1.155,0.229,E
76.787,75.046,74.28,73.133,90.0,70.163,-872.801,-1.739,5.549,E
75.768,76.422,73.601,76.792,90.0,72.513,-425.255,-0.467,-0.212,E
77.111,77.49,76.536,76.537,90.0,72.743,-675.588,-0.967,3.391,E
75.812,74.509,77.58,74.1,90.0,70.148,-248.334,-1.925,5.817,E
76.585,73.102,77.211,76.209,90.0,72.12,-650.72,-0.57,1.302,E
77.793,74.198,74.021,76.292,90.0,72.63,-196.551,-0.236,0.518,E
76.746,76.08,73.719,77.868,90.0,71.598,-237.957,0.525,3.38,E
74.126,73.472,75.659,77.03,90.0,73.789,-555.001,-1.406,1.617,E
77.417,76.253,74.33,75.992,90.0,72.742,-328.116,0.653,5.862,E
75.85,74.084,73.262,77.676,90.0,73.428,-483.812,0.998,0.832,E
76.176,77.001,74.963,74.691,90.0,72.069,-790.364,0.881,5.44,E
74.74,74.204,75.815,75.425,90.0,71.26,-20.148,-1.496,3.599,E
73.096,74.601,75.26,76.662,90.0,72.26,-208.277,0.974,3.416,E
73.008,75.997,75.571,73.681,90.0,70.712,-436.124,0.78,2.08,E
73.364,75.973,76.065,76.044,90.0,71.957,-29.156,-0.443,3.455,E
76.676,77.539,74.88,77.346,90.0,70.671,-933.403,-1.127,0.923,E
74.958,75.662,73.9,74.435,90.0,73.519,-230.39,0.153,0.949,E
77.977,73.601,73.788,75.747,90.0,73.349,-353.765,-1.242,3.021,E
77.963,74.568,76.335,74.025,90.0,72.735,-72.726,-1.956,2.401,E
77.238,74.398,73.057,75.18,90.0,70.741,-442.69,-0.017,-0.094,E
76.919,76.202,73.456,76.85,90.0,70.876,-213.938,-0.69,4.969,E
76.244,75.681,74.294,73.061,90.0,72.231,-118.282,-0.691,5.494,E
74.448,76.836,73.116,77.141,90.0,70.364,-241.256,-1.236,1.686,E
73.062,74.496,73.972,76.669,90.0,71.747,-657.431,-1.186,1.042,E
77.995,76.323,76.853,77.797,90.0,70.152,-223.048,-1.337,3.703,E
77.381,73.721,73.468,73.122,90.0,72.375,-658.961,0.117,2.763,E
74.878,74.723,74.916,73.124,90.0,72.496,-618.308,-0.466,1.943,E
77.663,77.95,76.21,75.717,90.0,70.258,-173.527,-1.914,3.464,E
74.055,75.632,76.751,75.461,90.0,73.584,-215.08,-0.075,1.554,E
76.293,76.298,75.194,76.943,90.0,71.573,-340.116,-0.37,4.902,E
74.759,77.216,74.524,75.37,90.0,71.193,-590.629,-1.567,5.676,E
76.102,75.798,76.508,73.595,90.0,71.502,-21.926,-0.998,4.596,E
74.516,74.783,77.177,76.581,90.0,73.788,-101.187,-1.161,-0.763,E
75.124,77.58,75.36,76.234,90.0,71.788,-72.995,0.925,2.083,E
73.713,74.262,77.732,74.187,90.0,72.812,-127.623,-0.557,3.842,E
73.849,73.85,73.384,74.422,90.0,72.686,-167.107,1.0,5.878,E
75.443,74.318,75.285,75.197,90.0,73.19,-593.049,-1.111,0.256,E
75.099,73.098,74.17,76.714,90.0,72.951,-917.017,0.724,1.36,E
75.216,77.444,73.322,73.656,90.0,73.964,-470.332,-1.504,0.025,E
73.473,74.297,74.595,75.864,90.0,73.736,-318.485,-0.76,2.802,E
75.211,74.461,74.062,73.786,90.0,73.918,-415.224,-1.45,4.381,E
73.742,76.607,74.306,74.969,90.0,70.456,-936.665,-0.082,-0.769,E
76.234,75.104,74.702,76.998,90.0,70.031,-820.232,0.394,2.07,E
77.792,77.752,73.056,76.517,90.0,73.12,-355.698,0.537,1.501,E
74.318,76.532,74.76,77.282,90.0,73.258,-882.026,0.336,2.989,E
76.049,74.131,76.377,76.272,90.0,70.448,-537.848,-0.871,-0.446,E
77.377,76.991,76.857,76.671,90.0,73.486,-583.312,-1.967,3.791,E
77.705,75.147,73.176,75.664,90.0,72.192,-339.638,-1.19,-0.648,E
74.242,77.959,77.702,76.454,90.0,72.814,-931.564,0.377,4.222,E
77.432,76.721,75.029,76.573,90.0,73.9,-9.91,0.771,-0.679,E
76.195,75.709,73.536,73.989,90.0,73.69,-192.654,0.537,3.091,E
73.272,77.289,77.648,75.561,90.0,70.126,-625.109,-1.938,0.954,E
77.437,77.88,76.626,77.214,90.0,72.226,-154.089,0.474,4.84,E
75.763,73.849,75.426,75.134,90.0,71.507,-354.3,-0.979,4.57,E
76.02,74.493,75.925,75.263,90.0,72.061,-184.986,0.391,-0.067,E
73.704,73.17,76.753,75.04,90.0,71.051,-880.747,-0.247,3.564,E
77.172,76.071,75.15,75.746,90.0,73.311,-544.699,0.23,-0.389,E
74.863,76.345,73.43,77.344,90.0,72.958,-894.761,-1.422,4.344,E
77.723,76.651,74.991,75.361,90.0,72.734,-166.939,-0.868,5.312,E
74.175,77.762,77.749,77.772,90.0,71.868,-627.664,-1.425,0.497,E
77.726,74.303,74.369,73.762,90.0,71.162,-585.299,-0.093,3.572,E
73.97,77.536,77.282,76.012,90.0,72.349,-436.817,-0.287,4.089,E
73.027,74.304,73.078,75.834,90.0,72.646,-642.071,-0.799,4.064,E
75.61,77.152,77.702,77.375,90.0,73.729,-739.089,-1.753,-0.6,E
77.698,73.731,74.651,77.79,90.0,70.914,-481.398,-0.045,5.132,E
75.425,74.492,73.276,77.115,90.0,73.354,-736.7,0.103,5.444,E
73.944,73.028,75.332,76.256,90.0,72.287,-268.578,-1.063,5.69,E
76.516,75.471,77.098,73.899,90.0,71.451,-602.474,-1.988,5.107,E
76.417,75.995,73.041,77.249,90.0,70.19,-633.124,0.188,-0.395,E
73.516,77.102,74.872,76.414,90.0,73.797,-697.908,-1.064,0.598,E
75.783,73.692,74.232,75.087,90.0,70.365,-705.884,-0.173,5.319,E
